{
  "1": {
    "a": 12186,
    "b": 448,
    "c": 2286,
    "result": "нет действительных корней"
  },
  "2": {
    "a": 9,
    "b": 16663,
    "c": 73,
    "result": [
      "(-0.00438097417847732+0j)",
      "(-1851.440063470266+0j)"
    ]
  },
  "3": {
    "a": 86,
    "b": 46,
    "c": 393,
    "result": "нет действительных корней"
  },
  "4": {
    "a": 22,
    "b": 8,
    "c": 8,
    "result": "нет действительных корней"
  },
  "5": {
    "a": 66,
    "b": 74,
    "c": 45244,
    "result": "нет действительных корней"
  },
  "6": {
    "a": 4,
    "b": 5,
    "c": 61537,
    "result": "нет действительных корней"
  },
  "7": {
    "a": 32557,
    "b": 18732,
    "c": 224,
    "result": [
      "(-0.012217582830670082+0j)",
      "(-0.563142554774146+0j)"
    ]
  },
  "8": {
    "a": 3712,
    "b": 4165,
    "c": 2658,
    "result": "нет действительных корней"
  },
  "9": {
    "a": 148,
    "b": 7474,
    "c": 82482,
    "result": [
      "(-16.291669285565018+0j)",
      "(-34.208330714434986+0j)"
    ]
  },
  "10": {
    "a": 9,
    "b": 6393,
    "c": 6924,
    "result": [
      "(-1.0847160143102377+0j)",
      "(-709.2486173190232+0j)"
    ]
  },
  "11": {
    "a": 8,
    "b": 68,
    "c": 8349,
    "result": "нет действительных корней"
  },
  "12": {
    "a": 19,
    "b": 11,
    "c": 81,
    "result": "нет действительных корней"
  },
  "13": {
    "a": 7,
    "b": 726,
    "c": 42,
    "result": [
      "(-0.057883544811732336+0j)",
      "(-103.65640216947398+0j)"
    ]
  },
  "14": {
    "a": 819,
    "b": 763,
    "c": 39,
    "result": [
      "(-0.05427613520354795+0j)",
      "(-0.8773477964203836+0j)"
    ]
  },
  "15": {
    "a": 4761,
    "b": 589,
    "c": 587,
    "result": "нет действительных корней"
  },
  "16": {
    "a": 7824,
    "b": 3468,
    "c": 6212,
    "result": "нет действительных корней"
  },
  "17": {
    "a": 3467,
    "b": 463,
    "c": 38128,
    "result": "нет действительных корней"
  },
  "18": {
    "a": 794,
    "b": 32886,
    "c": 88926,
    "result": [
      "(-2.908281040460351+0j)",
      "(-38.50985497969078+0j)"
    ]
  },
  "19": {
    "a": 67,
    "b": 9619,
    "c": 15,
    "result": [
      "(-0.0015594305990436705+0j)",
      "(-143.56560474850542+0j)"
    ]
  },
  "20": {
    "a": 8515,
    "b": 8,
    "c": 3,
    "result": "нет действительных корней"
  },
  "21": {
    "a": 6,
    "b": 2,
    "c": 258,
    "result": "нет действительных корней"
  },
  "22": {
    "a": 3937,
    "b": 616,
    "c": 496,
    "result": "нет действительных корней"
  },
  "23": {
    "a": 86,
    "b": 8,
    "c": 66,
    "result": "нет действительных корней"
  },
  "24": {
    "a": 4,
    "b": 523,
    "c": 45,
    "result": [
      "(-0.08609876096856794+0j)",
      "(-130.66390123903142+0j)"
    ]
  },
  "25": {
    "a": 16923,
    "b": 31886,
    "c": 83,
    "result": [
      "(-0.0026066293547105275+0j)",
      "(-1.8815746623784337+0j)"
    ]
  },
  "26": {
    "a": 5,
    "b": 5316,
    "c": 95474,
    "result": [
      "(-18.27382688976395+0j)",
      "(-1044.926173110236+0j)"
    ]
  },
  "27": {
    "a": 84,
    "b": 54,
    "c": 8,
    "result": [
      "(-0.2315495900563006+0j)",
      "(-0.4113075528008423+0j)"
    ]
  },
  "28": {
    "a": 1,
    "b": 59,
    "c": 6,
    "result": [
      "(-0.10187080782180047+0j)",
      "(-58.8981291921782+0j)"
    ]
  },
  "29": {
    "a": 88,
    "b": 5,
    "c": 278,
    "result": "нет действительных корней"
  },
  "30": {
    "a": 16,
    "b": 4743,
    "c": 55,
    "result": [
      "(-0.011596489912989227+0j)",
      "(-296.425903510087+0j)"
    ]
  },
  "31": {
    "a": 614,
    "b": 39,
    "c": 5644,
    "result": "нет действительных корней"
  },
  "32": {
    "a": 7666,
    "b": 81498,
    "c": 26555,
    "result": [
      "(-0.3364863952495192+0j)",
      "(-10.294611961129297+0j)"
    ]
  },
  "33": {
    "a": 3,
    "b": 4268,
    "c": 28447,
    "result": [
      "(-6.696705149857583+0j)",
      "(-1415.969961516809+0j)"
    ]
  },
  "34": {
    "a": 276,
    "b": 1,
    "c": 9792,
    "result": "нет действительных корней"
  },
  "35": {
    "a": 15,
    "b": 39,
    "c": 21266,
    "result": "нет действительных корней"
  },
  "36": {
    "a": 5285,
    "b": 4,
    "c": 33,
    "result": "нет действительных корней"
  },
  "37": {
    "a": 5874,
    "b": 3169,
    "c": 7,
    "result": [
      "(-0.002218017589876396+0j)",
      "(-0.5372780668500282+0j)"
    ]
  },
  "38": {
    "a": 71,
    "b": 26,
    "c": 1261,
    "result": "нет действительных корней"
  },
  "39": {
    "a": 9985,
    "b": 59,
    "c": 34895,
    "result": "нет действительных корней"
  },
  "40": {
    "a": 958,
    "b": 9632,
    "c": 2777,
    "result": [
      "(-0.29708829681786597+0j)",
      "(-9.757191452660214+0j)"
    ]
  },
  "41": {
    "a": 1,
    "b": 45476,
    "c": 1,
    "result": [
      "(-2.1989621018292382e-05+0j)",
      "(-45475.99997801038+0j)"
    ]
  },
  "42": {
    "a": 9,
    "b": 7,
    "c": 12,
    "result": "нет действительных корней"
  },
  "43": {
    "a": 35,
    "b": 27,
    "c": 14,
    "result": "нет действительных корней"
  },
  "44": {
    "a": 55,
    "b": 621,
    "c": 1116,
    "result": [
      "(-2.242478210849161+0j)",
      "(-9.04843088005993+0j)"
    ]
  },
  "45": {
    "a": 7719,
    "b": 275,
    "c": 98,
    "result": "нет действительных корней"
  },
  "46": {
    "a": 95,
    "b": 77317,
    "c": 194,
    "result": [
      "(-0.002509158375400339+0j)",
      "(-813.8606487363613+0j)"
    ]
  },
  "47": {
    "a": 46,
    "b": 257,
    "c": 76,
    "result": [
      "(-0.3132873648078583+0j)",
      "(-5.2736691569312715+0j)"
    ]
  },
  "48": {
    "a": 2772,
    "b": 6,
    "c": 1955,
    "result": "нет действительных корней"
  },
  "49": {
    "a": 997,
    "b": 3,
    "c": 9,
    "result": "нет действительных корней"
  },
  "50": {
    "a": 136,
    "b": 53754,
    "c": 54476,
    "result": [
      "(-1.0160434352733052+0j)",
      "(-394.23395656472667+0j)"
    ]
  },
  "51": {
    "a": 923,
    "b": 22,
    "c": 9,
    "result": "нет действительных корней"
  },
  "52": {
    "a": 218,
    "b": 83335,
    "c": 15,
    "result": [
      "(-0.00017999648483664463+0j)",
      "(-382.27046220535004+0j)"
    ]
  },
  "53": {
    "a": 697,
    "b": 914,
    "c": 7553,
    "result": "нет действительных корней"
  },
  "54": {
    "a": 88953,
    "b": 25526,
    "c": 67239,
    "result": "нет действительных корней"
  },
  "55": {
    "a": 91227,
    "b": 99,
    "c": 589,
    "result": "нет действительных корней"
  },
  "56": {
    "a": 4,
    "b": 8,
    "c": 59,
    "result": "нет действительных корней"
  },
  "57": {
    "a": 51345,
    "b": 68558,
    "c": 624,
    "result": [
      "(-0.009164685988351651+0j)",
      "(-1.326077304468363+0j)"
    ]
  },
  "58": {
    "a": 32,
    "b": 76628,
    "c": 68,
    "result": [
      "(-0.0008874044108324597+0j)",
      "(-2394.6241125955894+0j)"
    ]
  },
  "59": {
    "a": 1,
    "b": 982,
    "c": 922,
    "result": [
      "(-0.9397996164144615+0j)",
      "(-981.0602003835855+0j)"
    ]
  },
  "60": {
    "a": 8723,
    "b": 2,
    "c": 71,
    "result": "нет действительных корней"
  },
  "61": {
    "a": 77352,
    "b": 34827,
    "c": 2663,
    "result": [
      "(-0.0976365721318671+0j)",
      "(-0.35260388706763646+0j)"
    ]
  },
  "62": {
    "a": 3463,
    "b": 771,
    "c": 5482,
    "result": "нет действительных корней"
  },
  "63": {
    "a": 8987,
    "b": 28211,
    "c": 176,
    "result": [
      "(-0.006251149688152529+0j)",
      "(-3.132838646684385+0j)"
    ]
  },
  "64": {
    "a": 843,
    "b": 8,
    "c": 95,
    "result": "нет действительных корней"
  },
  "65": {
    "a": 5,
    "b": 37,
    "c": 744,
    "result": "нет действительных корней"
  },
  "66": {
    "a": 24474,
    "b": 4154,
    "c": 251,
    "result": "нет действительных корней"
  },
  "67": {
    "a": 1,
    "b": 689,
    "c": 8513,